melee_crowd_out.mp3	SSE_Library_CROWDS	BATTLE/CRWDBatl-SWORDS_Large crowd fighting outdoors with swords_CS_USC.mp3	376693
melee_crowd_in.mp3	SSE_Library_CROWDS	BATTLE/CRWDBatl-SWORDS_Large crowd fighting indoors with swords_CS_USC.mp3	450518
melee_yell.mp3	SSE_Library_CROWDS	BATTLE/CRWDBatl_Group of men yelling with sword fight clicking_CS_USC.mp3	468945
melee_groans.mp3	SSE_Library_CROWDS	BATTLE/CRWDBatl_Sword fight clicking with groans_CS_USC.mp3	429113
army_angry.mp3	SSE_Library_CROWDS	ANGRY/CRWDAngr_Angry crowd yells_CS_USC.mp3	762289
army_mob.mp3	SSE_Library_CROWDS	ANGRY/CRWDAngr_Lynch mob yelling and breaking into jail_CS_USC.mp3	365677
cheer_men.mp3	SSE_Library_CROWDS	CHEERING/CRWDCheer_Small group men cheering; encouraging_CS_USC.mp3	345831
cheer_big.mp3	SSE_Library_CROWDS	REACTION/CRWDReac_Large group of men cheer clap and whistle;_CS_USC.mp3	700569
panic.mp3	SSE_Library_CROWDS	PANIC/CRWDPanic_Medium distance panic crowd screams as it_CS_USC.mp3	339970
charge_call.mp3	SSE_Library_CROWDS	SPORT/CRWDSprt_Crowd at sporting event calls ?Charge? after_CS_USC.mp3	362937
arrows_whoosh.mp3	SSE_Library_WEAPONS	ARROW/WEAPArro_Five arrows whoosh by_CS_USC.mp3	202937
arrow_thud_soft.mp3	SSE_Library_WEAPONS	ARROW/WEAPArro_Hard arrow thuds into soft wood_CS_USC.mp3	139480
arrows_shoot.mp3	SSE_Library_WEAPONS	ARROW/WEAPArro_Shooting arrows from bow; indoors_CS_USC.mp3	605066
arrow_hit_man.mp3	SSE_Library_WEAPONS	ARROW/WEAPArro_Shooting person with arrow_CS_USC.mp3	237642
crossbow.mp3	SSE_Library_WEAPONS	BOW/WEAPBow_Cross bow load and shot_CS_USC.mp3	320285
sword_fight.mp3	SSE_Library_WEAPONS	SWORD/WEAPSwrd_Sword fight_CS_USC.mp3	195490
sword_hit_big.mp3	SSE_Library_WEAPONS	SWORD/WEAPSwrd_Hitting large object with sword_CS_USC.mp3	221436
horse_gallop_by.mp3	SSE_Library_ANIMALS	HORSE/ANMLHors_Foley horse gallops by; dirt_CS_USC.mp3	407671
horse_gallop_bridle.mp3	SSE_Library_ANIMALS	HORSE/ANMLHors_Foley horse gallops in with bridle jingle;_CS_USC.mp3	339394
horse_fast.mp3	SSE_Library_ANIMALS	HORSE/ANMLHors_One horse fast in on dirt & mill; breathing_CS_USC.mp3	395505
horse_trot.mp3	SSE_Library_ANIMALS	HORSE/ANMLHors_Horse trots in on hard dirt; stops; trotting_CS_USC.mp3	861402
horse_whinny.mp3	SSE_Library_ANIMALS	HORSE/ANMLHors_Classic horse whinny_CS_USC.mp3	269210
horse_whinny_ex.mp3	SSE_Library_ANIMALS	HORSE/ANMLHors_Excited horse whinny; strange squealing;_CS_USC.mp3	273679
death_scream.mp3	SSE_Library_VOICES	SCREAM/VOXScrm_Man?s death scream_CS_USC.mp3	169351
male_scream.mp3	SSE_Library_VOICES	SCREAM/VOXScrm_Male scream_CS_USC.mp3	173267
grunt_fall.mp3	SSE_Library_VOICES	SCREAM/VOXScrm_Man grunts and falls off cliff_CS_USC.mp3	222540
grunts.mp3	SSE_Library_VOICES	EFFORTS/VOXEfrt_Man Grunts_CS_USC.mp3	362615
bodyfall_dirt.mp3	SSE_Library_FIGHT	BODYFALL/FGHTBf_Body falls on dirt; grunts_CS_USC.mp3	140787
body_hit.mp3	SSE_Library_FIGHT	BODYFALL/FGHTBf_Body hit and crash_CS_USC.mp3	148990
punch_fall.mp3	SSE_Library_FIGHT	IMPACT/FGHTImpt_Punch & body fall; short_CS_USC.mp3	150289
